code,Latitude,Longitude,Predicted_Temp,Predicted_AQI
VW_1,41.384299,2.145698,16.17400000000002,45.39
VW_2,41.424112,2.199165,16.43600000000002,46.79
VW_3,41.378131,2.177046,16.416000000000025,44.58
VW_4,41.395701,2.156392,16.31300000000002,45.52
VW_5,41.379533,2.129219,16.16100000000002,46.79
VW_6,41.389346,2.158149,16.27200000000002,45.55
VW_7,41.394393,2.150459,16.21700000000002,45.99
VW_8,41.386449,2.14167,16.19200000000002,45.47
VW_9,41.423271,2.132368,16.332000000000015,48.97
VW_10,41.41988025929886,2.168581045494738,16.35000000000002,46.0
VW_11,41.354953,2.167744,16.401000000000018,45.66
VW_12,41.423084,2.158369,16.378000000000014,47.89
VW_13,41.401028,2.150313,16.25800000000002,45.85
VW_14,41.37785,2.172139,16.497000000000025,43.16
VW_15,41.381495,2.108857,16.266000000000016,45.94
VW_16,41.406729,2.183711,16.314000000000025,43.91
VW_17,41.422804,2.17624,16.324000000000026,45.28
VW_18,41.401121,2.136689,16.278000000000016,46.93
VW_19,41.321963,2.1279,16.28600000000002,47.24
VW_20,41.398785,2.121528,16.32000000000002,46.05
VW_21,41.42972,2.157417,16.37200000000001,49.47
VW_22,41.337664,2.1446,16.299000000000017,47.29
VW_23,41.401402,2.110688,16.33200000000002,45.68
VW_24,41.418972,2.180415,16.310000000000024,45.44
VW_25,41.42077310370616,2.1456631655746223,16.400000000000013,48.88
VW_26,41.356355,2.170454,16.42300000000002,45.25
VW_27,41.42102281272631,2.142507930051658,16.352000000000015,48.97
VW_28,41.405794,2.196528,16.241000000000028,44.73
VW_29,41.3336673997832,2.1643900803304272,16.425000000000015,47.06
VW_30,41.405888,2.147163,16.31800000000002,45.38
VW_31,41.365981,2.181367,16.498000000000026,44.33
VW_32,41.36097379907412,2.1444838645864857,16.30600000000002,44.62
VW_33,41.428505,2.199458,16.47600000000002,46.56
VW_34,41.38729,2.178584,16.466000000000026,42.54
VW_35,41.399626,2.113105,16.32100000000002,46.35
VW_36,41.358598,2.179097,16.434000000000022,44.77
VW_37,41.322523,2.125703,16.28600000000002,47.24
VW_38,41.394112,2.163862,16.29500000000002,45.22
VW_39,41.386168,2.109883,16.317000000000018,45.95
VW_40,41.44986376598483,2.201188818696714,16.45300000000002,47.01
VW_41,41.367196,2.121235,16.31500000000002,46.02
VW_42,41.39,2.095454,16.416000000000018,45.8
VW_43,41.39236785492511,2.213845338723746,16.44000000000002,46.25
VW_44,41.398972,2.142402,16.19600000000002,46.03
VW_45,41.409813,2.189863,16.372000000000025,44.6
VW_46,41.32172121586565,2.1056797268413696,16.368000000000016,46.98
VW_47,41.40972,2.124312,16.301000000000016,47.73
VW_48,41.424112,2.211104,16.44400000000002,47.66
VW_49,41.403551,2.157051,16.339000000000016,45.3
VW_50,41.374579,2.105928,16.266000000000016,45.94
VW_51,41.385047,2.134492,16.194000000000024,44.95
VW_52,41.39486,2.195723,16.45100000000003,43.35
VW_53,41.425514,2.217622,16.44400000000002,47.66
VW_54,41.431963,2.106514,16.412000000000017,48.21
VW_55,41.361121,2.092671,16.368000000000016,46.98
VW_56,41.358037,2.122187,16.368000000000016,46.98
VW_57,41.375514,2.137202,16.24000000000002,45.07
VW_58,41.348972,2.148994,16.313000000000017,47.44
VW_59,41.380841,2.168477,16.39500000000002,44.17
VW_60,41.386355,2.097651,16.34500000000002,45.75
VW_61,41.410935,2.198652,16.254000000000026,44.78
VW_62,41.423084,2.118818,16.420000000000012,48.88
VW_63,41.38271,2.147529,16.15200000000002,46.21
VW_64,41.336262,2.145991,16.368000000000016,46.98
VW_65,41.39215,2.123359,16.32000000000002,45.93
VW_66,41.37785,2.12585,16.18100000000002,46.26
VW_67,41.32271,2.204072,16.39600000000002,46.35
VW_68,41.351308,2.141011,16.374000000000017,46.81
VW_69,41.389252,2.167598,16.29200000000002,45.35
VW_70,41.405701,2.191914,16.39600000000003,43.71
VW_71,41.379533,2.127021,16.17800000000002,46.36
VW_72,41.356822,2.128853,16.31500000000002,46.02
VW_73,41.395786275563935,2.0981915198406846,16.410000000000014,47.0
VW_74,41.35729,2.185103,16.423000000000023,44.8
VW_75,41.364579,2.12856,16.281000000000017,45.9
VW_76,41.40318121403263,2.0905717794925365,16.410000000000014,47.0
VW_77,41.384393,2.102192,16.317000000000018,45.95
VW_78,41.397944,2.121382,16.33500000000002,45.89
VW_79,41.351776,2.144453,16.28600000000002,47.24
VW_80,41.39486,2.132588,16.290000000000017,46.84
VW_81,41.354299,2.164229,16.401000000000018,45.66
VW_82,41.386822,2.152437,16.30400000000002,45.12
VW_83,41.392991,2.167158,16.30200000000002,44.74
VW_84,41.339439,2.197334,16.39600000000002,46.35
VW_85,41.321963,2.165254,16.425000000000015,47.06
VW_86,41.389439,2.099922,16.357000000000017,45.87
VW_87,41.373738,2.126143,16.29200000000002,45.77
VW_88,41.416449,2.157856,16.313000000000017,46.89
VW_89,41.421402,2.164302,16.380000000000017,46.28
VW_90,41.376636,2.135957,16.25200000000002,45.07
VW_91,41.379252,2.106587,16.266000000000016,45.94
VW_92,41.40028,2.199312,16.301000000000027,44.71
VW_93,41.429159,2.16064,16.45300000000001,49.27
VW_94,41.414579,2.174043,16.376000000000023,44.21
VW_95,41.407009,2.180488,16.31700000000003,43.79
VW_96,41.426075,2.119771,16.410000000000014,48.71
VW_97,41.358692,2.131123,16.30300000000002,45.9
VW_98,41.441963,2.141084,16.400000000000013,48.88
VW_99,41.367757,2.106001,16.31500000000002,46.02
VW_100,41.433832,2.201802,16.435000000000016,48.01
VW_101,41.435981,2.201729,16.44900000000002,48.01
VW_102,41.431402,2.182026,16.419000000000022,46.45
VW_103,41.34883218542259,2.1717563820600416,16.41800000000002,45.36
VW_104,41.387757,2.108638,16.33500000000002,45.87
VW_105,41.352991,2.12292,16.368000000000016,46.98
VW_106,41.426729,2.198066,16.43600000000002,46.79
VW_107,41.384766,2.180195,16.449000000000026,43.01
VW_108,41.410935,2.202607,16.306000000000026,44.76
VW_109,41.37972,2.161519,16.22800000000002,45.75
VW_110,41.383364,2.120649,16.290000000000017,45.94
VW_111,41.348692,2.174336,16.42900000000002,44.9
VW_112,41.390748,2.171992,16.348000000000027,43.19
VW_113,41.401495,2.200117,16.315000000000026,44.4
VW_114,41.333645,2.164375,16.425000000000015,47.06
VW_115,41.371776,2.135957,16.266000000000016,45.94
VW_116,41.364673,2.170234,16.461000000000016,45.14
VW_117,41.380093,2.158955,16.22500000000002,45.83
VW_118,41.39757,2.158516,16.310000000000016,45.6
VW_119,41.398131,2.147896,16.28200000000002,46.09
VW_120,41.401963,2.145552,16.18500000000002,45.54
VW_121,41.321869,2.094209,16.368000000000016,46.98
VW_122,41.397757,2.183491,16.420000000000027,43.16
VW_123,41.373551,2.151484,16.18100000000002,46.02
VW_124,41.40253307910335,2.094324755584746,16.410000000000014,47.0
VW_125,41.42785,2.204072,16.46300000000002,47.8
VW_126,41.396262,2.185835,16.434000000000026,43.16
VW_127,41.37566920156606,2.152546891360294,16.15800000000002,46.27
VW_128,41.393084,2.159102,16.301000000000023,45.1
VW_129,41.375701,2.188911,16.47700000000002,44.22
VW_130,41.385234,2.183052,16.56400000000003,42.37
VW_131,41.342523,2.149873,16.417000000000016,47.16
VW_132,41.333178,2.154634,16.417000000000016,47.16
VW_133,41.414953,2.132881,16.316000000000013,48.37
VW_134,41.359439,2.167305,16.409000000000017,45.55
VW_135,41.409813,2.162251,16.330000000000016,45.91
VW_136,41.321869,2.171699,16.442000000000018,46.74
VW_137,41.398224,2.159834,16.35600000000002,45.2
VW_138,41.374579,2.123945,16.199000000000023,46.48
VW_139,41.412617,2.127095,16.411000000000012,47.12
VW_140,41.361963,2.138154,16.18100000000002,46.26
VW_141,41.375701,2.12856,16.25100000000002,46.3
VW_142,41.398879,2.130098,16.297000000000015,46.43
VW_143,41.414953,2.123066,16.400000000000013,47.62
VW_144,41.411869,2.164082,16.32900000000002,45.75
VW_145,41.365701,2.13332,16.15800000000002,46.89
VW_146,41.425794,2.197407,16.47300000000002,46.34
VW_147,41.43270000940971,2.167984710493265,16.409000000000017,47.5
VW_148,41.407196,2.15522,16.310000000000016,45.99
VW_149,41.391869,2.099409,16.413000000000018,45.6
VW_150,41.376247093612506,2.10028927265887,16.30300000000002,45.9
VW_151,41.352056,2.177998,16.426000000000023,44.9
VW_152,41.428131,2.174043,16.319000000000017,47.56
VW_153,41.349907,2.122627,16.368000000000016,46.98
VW_154,41.360935,2.144526,16.30600000000002,44.62
VW_155,41.382056,2.17353,16.452000000000027,43.27
VW_156,41.356075,2.169502,16.42300000000002,45.25
VW_157,41.431121,2.175654,16.34000000000002,46.98
VW_158,41.3808827832114,2.136298625042503,16.14800000000002,45.15
VW_159,41.36514,2.194185,16.406000000000024,44.84
VW_160,41.38028,2.1821,16.418000000000024,44.56
VW_161,41.384112,2.169941,16.339000000000027,43.72
VW_162,41.426262,2.201875,16.44900000000002,48.01
VW_163,41.400654,2.155366,16.352000000000018,45.54
VW_164,41.354766,2.130537,16.371000000000016,45.75
VW_165,41.410187,2.145918,16.241000000000017,46.28
VW_166,41.373738,2.097285,16.371000000000016,45.75
VW_167,41.36496122807529,2.156217319885415,16.394000000000016,45.36
VW_168,41.393271,2.177412,16.362000000000027,43.61
VW_169,41.322243,2.11186,16.374000000000017,46.81
VW_170,41.415607,2.182612,16.30800000000002,45.38
VW_171,41.37972,2.100508,16.281000000000017,45.9
VW_172,41.408037,2.138813,16.218000000000014,47.39
VW_173,41.353178,2.163496,16.401000000000018,45.68
VW_174,41.399159,2.182026,16.358000000000025,43.71
VW_175,41.321682,2.105635,16.368000000000016,46.98
VW_176,41.35204026543733,2.1779993889481366,16.426000000000023,44.9
VW_177,41.395327,2.175654,16.417000000000026,43.34
VW_178,41.37800040451573,2.159696148548135,16.310000000000016,45.19
VW_179,41.32215,2.121748,16.28600000000002,47.32
VW_180,41.357196,2.095015,16.368000000000016,46.98
VW_181,41.449813,2.197188,16.39200000000002,46.26
VW_182,41.392243,2.178291,16.358000000000025,43.59
VW_183,41.417944,2.148115,16.443000000000012,48.28
VW_184,41.321963,2.169795,16.439000000000014,46.76
VW_185,41.42972,2.147822,16.44800000000001,49.06
VW_186,41.431682,2.170234,16.439000000000018,46.98
VW_187,41.380187,2.136396,16.14800000000002,45.15
VW_188,41.389159,2.137788,16.16000000000002,46.1
VW_189,41.385421,2.176021,16.39000000000003,43.15
VW_190,41.380187,2.174702,16.491000000000025,43.38
VW_191,41.418505,2.116841,16.38300000000001,48.1
VW_192,41.429533,2.185615,16.40500000000002,46.79
VW_193,41.325047,2.10373,16.368000000000016,46.98
VW_194,41.375794,2.151411,16.17000000000002,46.27
VW_195,41.391215,2.134199,16.20100000000002,46.14
VW_196,41.402897,2.198213,16.303000000000026,44.28
VW_197,41.40668418380324,2.188406677895747,16.420000000000027,43.41
VW_198,41.391869,2.099995,16.413000000000018,45.6
VW_199,41.39028,2.141963,16.17000000000002,45.5
VW_200,41.421776,2.170601,16.37000000000002,45.68
VW_201,41.399065,2.202388,16.434000000000026,44.16
VW_202,41.355514,2.182759,16.423000000000023,44.8
VW_203,41.395327,2.142256,16.24500000000002,45.46
VW_204,41.3979619507932,2.186031517912808,16.434000000000026,43.16
VW_205,41.411682,2.13896,16.23900000000002,47.92
VW_206,41.356168,2.18481,16.423000000000023,44.8
VW_207,41.33644693558934,2.1490294681932243,16.395000000000014,47.1
VW_208,41.363925,2.134785,16.20800000000002,46.34
VW_209,41.354766,2.179829,16.426000000000023,44.88
VW_210,41.375888,2.156025,16.22800000000002,45.75
VW_211,41.410561,2.163569,16.30300000000002,46.09
VW_212,41.414112,2.150313,16.325000000000017,46.08
VW_213,41.381495,2.154707,16.32600000000002,44.71
VW_214,41.359439,2.171846,16.434000000000022,44.79
VW_215,41.42420630877283,2.1979797658393503,16.45800000000002,46.64
VW_216,41.378785,2.175508,16.516000000000027,43.03
VW_217,41.42972,2.198652,16.44800000000002,46.56
VW_218,41.355234,2.162324,16.376000000000012,46.57
VW_219,41.376168,2.124751,16.18800000000002,46.75
VW_220,41.40915832405684,2.2000009158028475,16.269000000000027,44.82
VW_221,41.401495,2.17646,16.364000000000026,43.71
VW_222,41.401589,2.199165,16.304000000000027,44.59
VW_223,41.41729,2.179829,16.339000000000024,44.86
VW_224,41.39972,2.147969,16.279000000000018,45.62
VW_225,41.437944,2.107979,16.400000000000013,48.88
VW_226,41.323271,2.220405,16.39600000000002,46.35
VW_227,41.41709793627831,2.135289184729108,16.430000000000014,48.71
VW_228,41.374299,2.176094,16.436000000000025,44.5
VW_229,41.423084,2.144453,16.423000000000012,48.96
VW_230,41.365701,2.134492,16.15800000000002,46.89
VW_231,41.406449,2.16562,16.27100000000002,45.46
VW_232,41.39972,2.09311,16.410000000000014,47.0
VW_233,41.380841,2.100947,16.266000000000016,45.94
VW_234,41.370748,2.130537,16.290000000000017,45.94
VW_235,41.388131,2.100947,16.34500000000002,45.75
VW_236,41.363364,2.131123,16.26800000000002,45.77
VW_237,41.321682,2.09333,16.368000000000016,46.98
VW_238,41.41243,2.140938,16.251000000000015,47.92
VW_239,41.428692,2.11772,16.400000000000013,48.88
VW_240,41.404579,2.150532,16.29900000000002,45.79
VW_241,41.397944,2.192646,16.353000000000026,43.65
VW_242,41.389346,2.172432,16.348000000000027,43.19
VW_243,41.378037,2.159687,16.310000000000016,45.19
VW_244,41.360187,2.170527,16.42300000000002,45.25
VW_245,41.395607,2.095527,16.410000000000014,47.0
VW_246,41.37521488564593,2.111215736376711,16.266000000000016,45.94
VW_247,41.419813,2.17353,16.378000000000025,45.45
VW_248,41.35734805368271,2.1593637923123987,16.376000000000012,46.57
VW_249,41.353645,2.120796,16.368000000000016,46.98
VW_250,41.396822,2.117207,16.35700000000002,46.01
VW_251,41.322617,2.131123,16.28600000000002,47.24
VW_252,41.349252,2.093916,16.368000000000016,46.98
VW_253,41.386542,2.163276,16.312000000000022,44.87
VW_254,41.394486,2.212202,16.44000000000002,46.25
VW_255,41.4239852337647,2.1600014882010674,16.378000000000014,47.97
VW_256,41.379533,2.174702,16.47700000000002,43.38
VW_257,41.323271,2.227729,16.39600000000002,46.35
VW_258,41.40319391161668,2.0905078305044444,16.410000000000014,47.0
VW_259,41.378598,2.122407,16.20200000000002,46.38
VW_260,41.401963,2.16811,16.32700000000002,44.93
VW_261,41.32514,2.128193,16.374000000000017,46.81
VW_262,41.42271,2.116182,16.400000000000013,48.88
VW_263,41.348785,2.171772,16.41800000000002,45.36
VW_264,41.378037,2.163057,16.26100000000002,45.08
VW_265,41.408318,2.1654,16.31500000000002,46.09
VW_266,41.383738,2.163203,16.224000000000018,45.5
VW_267,41.395421,2.158296,16.33300000000002,45.28
VW_268,41.428037,2.178291,16.34000000000002,46.82
VW_269,41.380187,2.164521,16.29500000000002,45.0
VW_270,41.420935,2.150605,16.443000000000012,48.28
VW_271,41.406449,2.202974,16.307000000000027,44.87
VW_272,41.3952163183118,2.1598036356863037,16.290000000000017,45.51
VW_273,41.41572521652272,2.1465203145327085,16.349000000000014,48.17
VW_274,41.372243,2.140205,16.236000000000022,44.65
VW_275,41.40292034666807,2.198243489153968,16.303000000000026,44.28
VW_276,41.355047,2.180708,16.423000000000023,44.8
VW_277,41.374766,2.094795,16.374000000000013,45.95
VW_278,41.364206,2.181221,16.498000000000026,44.33
VW_279,41.42307225160612,2.2025016399304382,16.44900000000002,48.01
VW_280,41.384673,2.107466,16.30800000000002,45.79
VW_281,41.382617,2.174336,16.466000000000022,42.91
VW_282,41.321869,2.095015,16.368000000000016,46.98
VW_283,41.39557157348343,2.0955205397091268,16.410000000000014,47.0
VW_284,41.394579,2.099043,16.416000000000018,45.8
VW_285,41.396262,2.186641,16.435000000000024,43.12
VW_286,41.364953,2.110103,16.371000000000016,45.75
VW_287,41.428037,2.196968,16.45000000000002,46.79
VW_288,41.406355,2.199531,16.262000000000025,44.63
VW_289,41.39215,2.156904,16.28400000000002,45.55
VW_290,41.366729,2.185029,16.47700000000002,44.22
VW_291,41.325047,2.118672,16.28600000000002,47.24
VW_292,41.321869,2.088862,16.368000000000016,46.98
VW_293,41.356636,2.164155,16.401000000000018,45.66
VW_294,41.414019,2.209053,16.43600000000002,47.3
VW_295,41.384953,2.156831,16.25700000000002,45.63
VW_296,41.389159,2.139546,16.19200000000002,45.57
VW_297,41.39215,2.144966,16.17900000000002,45.81
VW_298,41.335421,2.166499,16.425000000000015,47.06
VW_299,41.385607,2.120796,16.332000000000015,45.79
VW_300,41.398692,2.175435,16.43300000000003,42.79
VW_301,41.32191752496737,2.091571120967815,16.368000000000016,46.98
VW_302,41.321869,2.172505,16.442000000000018,46.74
VW_303,41.33798869228048,2.2049328262485157,16.39600000000002,46.35
VW_304,41.416822,2.109224,16.30200000000002,47.27
VW_305,41.411215,2.204512,16.451000000000022,46.08
VW_306,41.406168,2.161665,16.33800000000002,45.6
VW_307,41.402523,2.091572,16.410000000000014,47.0
VW_308,41.449907,2.10981,16.400000000000013,48.88
VW_309,41.408879,2.197041,16.251000000000023,44.9
VW_310,41.33757,2.186421,16.447000000000017,46.2
VW_311,41.358692,2.169575,16.42300000000002,45.25
VW_312,41.429907,2.199385,16.44400000000002,47.66
VW_313,41.407383,2.200483,16.267000000000024,45.26
VW_314,41.432523,2.166646,16.45600000000001,47.7
VW_315,41.419907,2.168623,16.35000000000002,46.0
VW_316,41.428411,2.164009,16.457000000000008,48.36
VW_317,41.411028,2.12314,16.344000000000012,47.23
VW_318,41.323364,2.226997,16.39600000000002,46.35
VW_319,41.424206,2.197993,16.45800000000002,46.64
VW_320,41.373551,2.165767,16.377000000000024,44.12
VW_321,41.377196,2.190596,16.510000000000023,44.27
VW_322,41.395421,2.197773,16.444000000000027,43.78
VW_323,41.42271,2.195796,16.38600000000002,47.02
VW_324,41.39486,2.193086,16.478000000000026,43.37
VW_325,41.406729,2.188398,16.420000000000027,43.41
VW_326,41.408037,2.197847,16.282000000000025,44.75
VW_327,41.38940327303015,2.0998864815368963,16.357000000000017,45.87
VW_328,41.323364,2.215059,16.39600000000002,46.35
VW_329,41.387757,2.187227,16.527000000000026,42.86
VW_330,41.41243,2.122773,16.336000000000016,47.35
VW_331,41.39028,2.124092,16.291000000000018,46.32
VW_332,41.388505,2.140645,16.17000000000002,45.5
VW_333,41.422804,2.178804,16.311000000000025,44.99
VW_334,41.376916,2.17353,16.41300000000002,43.95
VW_335,41.392897,2.1498,16.22900000000002,45.99
VW_336,41.422991,2.12585,16.410000000000014,48.71
VW_337,41.396168,2.099263,16.410000000000014,47.0
VW_338,41.365794,2.169648,16.47500000000002,45.14
VW_339,41.399907,2.179609,16.37200000000003,43.37
VW_340,41.401215,2.184443,16.357000000000024,43.26
VW_341,41.405888,2.194771,16.331000000000028,44.18
VW_342,41.434206,2.205537,16.47200000000002,47.66
VW_343,41.431028,2.183784,16.419000000000022,46.45
VW_344,41.408131,2.180635,16.311000000000025,44.3
VW_345,41.411589,2.191548,16.301000000000027,44.88
VW_346,41.338972,2.202827,16.39600000000002,46.35
VW_347,41.321963,2.170601,16.439000000000014,46.76
VW_348,41.388540278704376,2.16851658728948,16.304000000000023,44.57
VW_349,41.400187,2.183052,16.360000000000028,43.18
VW_350,41.322056,2.123506,16.28600000000002,47.32
VW_351,41.361028,2.133979,16.21700000000002,46.3
VW_352,41.423551,2.134492,16.332000000000015,48.97
VW_353,41.417196,2.193965,16.297000000000022,45.28
VW_354,41.390935,2.16291,16.283000000000023,45.16
VW_355,41.426262,2.176606,16.35400000000002,46.48
VW_356,41.395047,2.184663,16.435000000000024,43.0
VW_357,41.422991,2.208247,16.46300000000002,47.8
VW_358,41.35428885679225,2.1642566790399043,16.401000000000018,45.66
VW_359,41.385047,2.150532,16.228000000000023,45.7
VW_360,41.42514,2.202974,16.46300000000002,47.8
VW_361,41.412523,2.16291,16.301000000000016,46.3
VW_362,41.444486,2.163423,16.46600000000001,48.79
VW_363,41.376636,2.137935,16.25200000000002,45.07
VW_364,41.383364,2.174409,16.424000000000024,42.82
VW_365,41.397664,2.180269,16.434000000000026,43.16
VW_366,41.43785,2.204512,16.47500000000002,47.74
VW_367,41.323364,2.229121,16.39600000000002,46.35
VW_368,41.36070341429025,2.1636149682718044,16.409000000000017,45.55
VW_369,41.372243,2.103071,16.30300000000002,45.9
VW_370,41.346636,2.177925,16.426000000000023,44.9
VW_371,41.416449,2.193818,16.297000000000022,45.28
VW_372,41.422991,2.154634,16.458000000000013,47.63
VW_373,41.37957125828133,2.1270172760903625,16.17800000000002,46.36
VW_374,41.321776,2.084614,16.368000000000016,46.98
VW_375,41.36028,2.15229,16.37000000000001,46.97
VW_376,41.365888,2.189424,16.431000000000026,44.69
VW_377,41.382897,2.181221,16.434000000000026,43.34
VW_378,41.413084,2.200996,16.390000000000025,44.35
VW_379,41.400841,2.14438,16.18600000000002,45.79
VW_380,41.395794,2.098164,16.410000000000014,47.0
VW_381,41.434112,2.147896,16.37200000000001,49.53
VW_382,41.33785,2.149214,16.395000000000014,47.1
VW_383,41.39557045535533,2.095573351393192,16.410000000000014,47.0
VW_384,41.389626,2.110322,16.32600000000002,46.13
VW_385,41.384299,2.135664,16.209000000000024,44.89
VW_386,41.428224,2.142256,16.411000000000012,49.02
VW_387,41.400093,2.093843,16.410000000000014,47.0
VW_388,41.392991,2.191182,16.525000000000027,42.88
VW_389,41.403832,2.196895,16.36100000000003,43.79
VW_390,41.411495,2.120796,16.324000000000016,47.23
VW_391,41.366449,2.110029,16.31500000000002,46.02
VW_392,41.406822,2.163716,16.35400000000002,44.93
VW_393,41.384299,2.128926,16.224000000000018,46.21
VW_394,41.40271,2.180854,16.360000000000028,43.18
VW_395,41.402056,2.152437,16.26200000000002,46.09
VW_396,41.399252,2.114497,16.32100000000002,46.35
VW_397,41.418224,2.136689,16.352000000000015,48.97
VW_398,41.420374,2.181074,16.310000000000024,45.44
VW_399,41.38215,2.134199,16.151000000000025,45.03
VW_400,41.402523,2.149141,16.234000000000023,45.97
VW_401,41.377477,2.166865,16.315000000000023,44.37
VW_402,41.394019,2.113984,16.34100000000002,46.38
VW_403,41.32215,2.119771,16.299000000000017,47.29
VW_404,41.405282475661,2.14640605774846,16.27000000000002,45.2
VW_405,41.357271595881336,2.1850686657344403,16.423000000000023,44.8
VW_406,41.424019,2.15998,16.378000000000014,47.97
VW_407,41.38802529574367,2.145155154940944,16.17400000000002,45.39
VW_408,41.436916,2.182246,16.35300000000002,46.36
VW_409,41.408411,2.188838,16.392000000000028,44.15
VW_410,41.322897,2.196162,16.42200000000002,46.29
VW_411,41.356168,2.158003,16.376000000000012,46.57
VW_412,41.378692,2.140132,16.224000000000018,45.37
VW_413,41.374673,2.135444,16.231000000000023,45.15
VW_414,41.379439,2.172432,16.516000000000023,42.87
VW_415,41.350093,2.124604,16.368000000000016,46.98
VW_416,41.381495,2.176313,16.492000000000026,42.68
VW_417,41.404579,2.147969,16.31800000000002,45.32
VW_418,41.392336,2.188472,16.393000000000026,43.67
VW_419,41.401682,2.151265,16.235000000000017,46.12
VW_420,41.399159,2.111714,16.348000000000017,45.85
VW_421,41.40972,2.163569,16.31500000000002,46.09
VW_422,41.384393,2.167524,16.309000000000022,44.09
VW_423,41.389626,2.151045,16.19900000000002,46.19
VW_424,41.398785,2.173677,16.390000000000025,43.31
VW_425,41.357103,2.182759,16.423000000000023,44.8
VW_426,41.364206,2.180195,16.498000000000026,44.33
VW_427,41.384766,2.176021,16.387000000000025,43.23
VW_428,41.39793490641708,2.121401425266261,16.33500000000002,45.89
VW_429,41.394486,2.166133,16.28300000000002,45.22
VW_430,41.390374,2.1446,16.17400000000002,45.39
VW_431,41.411495,2.203779,16.411000000000023,46.03
VW_432,41.371589,2.118452,16.266000000000016,45.94
VW_433,41.392336,2.213887,16.44000000000002,46.25
VW_434,41.35757,2.16584,16.409000000000017,45.55
VW_435,41.43271,2.167964,16.409000000000017,47.5
VW_436,41.361308,2.169355,16.42300000000002,45.25
VW_437,41.376916,2.171333,16.415000000000024,43.73
VW_438,41.35514,2.184517,16.423000000000023,44.8
VW_439,41.355234,2.160347,16.376000000000012,46.57
VW_440,41.364206,2.162104,16.384000000000015,46.46
VW_441,41.403178,2.090547,16.410000000000014,47.0
VW_442,41.40972,2.142109,16.315000000000015,47.1
VW_443,41.4074838741798,2.1816305486454173,16.311000000000025,44.3
VW_444,41.429626,2.203853,16.435000000000016,48.01
VW_445,41.322056,2.166938,16.425000000000015,47.06
VW_446,41.377383,2.156392,16.22500000000002,45.83
VW_447,41.360841,2.162983,16.384000000000015,46.46
VW_448,41.36680001013459,2.12222427116178,16.31500000000002,46.02
VW_449,41.396075,2.101606,16.410000000000014,47.0
VW_450,41.398131,2.213228,16.450000000000024,46.21
VW_451,41.426168,2.177119,16.35100000000002,46.56
VW_452,41.370654,2.161152,16.433000000000014,45.21
VW_453,41.403551,2.152803,16.31700000000002,45.68
VW_454,41.407477,2.18166,16.311000000000025,44.3
VW_455,41.38165947755746,2.0971739654652417,16.30300000000002,45.9
VW_456,41.357196,2.119624,16.368000000000016,46.98
VW_457,41.392116331649206,2.156881453293261,16.28400000000002,45.55
VW_458,41.397664,2.116475,16.32900000000002,46.35
VW_459,41.388598,2.172432,16.348000000000027,43.19
VW_460,41.375514,2.094648,16.374000000000013,45.95
VW_461,41.415421,2.1925,16.302000000000024,45.42
VW_462,41.394206,2.153022,16.30500000000002,45.43
VW_463,41.347196,2.174263,16.42900000000002,44.9
VW_464,41.359346,2.192573,16.423000000000023,44.8
VW_465,41.393084,2.1175,16.372000000000018,45.73
VW_466,41.370935,2.151265,16.264000000000017,45.75
VW_467,41.3217797451188,2.08309405985168,16.368000000000016,46.98
VW_468,41.396729,2.18752,16.449000000000026,43.12
VW_469,41.37785,2.168477,16.417000000000023,43.85
VW_470,41.382056,2.144819,16.117000000000022,46.21
VW_471,41.405234,2.146357,16.27000000000002,45.2
VW_472,41.420748,2.145698,16.400000000000013,48.88
VW_473,41.40146739298939,2.2001330124945047,16.315000000000026,44.4
VW_474,41.375701,2.130464,16.25100000000002,46.3
VW_475,41.406168,2.181147,16.366000000000028,43.24
VW_476,41.407477,2.203706,16.288000000000025,45.26
VW_477,41.385327,2.10439,16.291000000000018,46.32
VW_478,41.393925,2.121162,16.30900000000002,46.26
VW_479,41.413178,2.150239,16.304000000000016,46.16
VW_480,41.389533,2.113911,16.30800000000002,45.79
VW_481,41.423738,2.16064,16.393000000000015,47.94
VW_482,41.348785,2.172871,16.426000000000023,44.92
VW_483,41.4,2.184736,16.357000000000024,43.26
VW_484,41.368692,2.154048,16.334000000000017,45.31
VW_485,41.421495,2.170161,16.37000000000002,45.68
VW_486,41.362804,2.118306,16.374000000000013,45.95
VW_487,41.393458,2.108931,16.35300000000002,46.38
VW_488,41.378692,2.099629,16.30300000000002,45.9
VW_489,41.405047,2.204072,16.360000000000024,44.05
VW_490,41.427664,2.220918,16.44400000000002,47.66
VW_491,41.434299,2.203926,16.46300000000002,47.8
VW_492,41.358692,2.17375,16.437000000000022,44.77
VW_493,41.362804,2.160566,16.384000000000015,46.46
VW_494,41.400748,2.131416,16.304000000000016,46.59
VW_495,41.416729,2.194551,16.325000000000024,45.25
VW_496,41.398598,2.163643,16.31300000000002,45.27
VW_497,41.38514,2.159028,16.25700000000002,45.63
VW_498,41.395514,2.167964,16.29200000000002,45.39
VW_499,41.399533,2.131489,16.230000000000015,46.94
VW_500,41.38643698264335,2.1416228508291555,16.19200000000002,45.47
VW_501,41.395607,2.135811,16.201000000000022,45.86
VW_502,41.418598,2.215278,16.44900000000002,48.01
VW_503,41.397944,2.186055,16.434000000000026,43.16
VW_504,41.375701,2.15251,16.15800000000002,46.27
VW_505,41.389907,2.147017,16.20600000000002,45.51
VW_506,41.429065,2.197773,16.46400000000002,46.48
VW_507,41.378972,2.166279,16.317000000000018,45.0
VW_508,41.443551,2.14665,16.468000000000007,49.06
VW_509,41.393084,2.211836,16.416000000000025,44.88
VW_510,41.373832,2.148774,16.16700000000002,46.39
VW_511,41.405047,2.143721,16.18800000000002,45.82
VW_512,41.391495,2.1498,16.21400000000002,46.07
VW_513,41.365888,2.185029,16.47700000000002,44.22
VW_514,41.409252,2.18415,16.311000000000025,44.3
VW_515,41.43371961075672,2.1554827560543424,16.393000000000015,49.15
VW_516,41.386542,2.160054,16.30100000000002,45.04
VW_517,41.359813,2.142549,16.298000000000016,46.26
VW_518,41.39536415468549,2.175622751729317,16.417000000000026,43.34
VW_519,41.366355,2.121235,16.31500000000002,46.02
VW_520,41.42091654781025,2.116632891593834,16.406000000000013,47.8
VW_521,41.329813,2.149287,16.395000000000014,47.1
VW_522,41.321869,2.12856,16.28600000000002,47.24
VW_523,41.371308,2.111128,16.266000000000016,45.94
VW_524,41.414673,2.137642,16.393000000000015,47.45
VW_525,41.436636,2.151338,16.385000000000012,49.53
VW_526,41.396355,2.162104,16.28700000000002,45.56
VW_527,41.390935,2.165254,16.37400000000002,44.74
VW_528,41.398224,2.164155,16.30100000000002,45.27
VW_529,41.321869,2.127314,16.28600000000002,47.24
VW_530,41.430187,2.119478,16.410000000000014,48.71
VW_531,41.393271,2.212715,16.44000000000002,46.25
VW_532,41.322056,2.124604,16.28600000000002,47.32
VW_533,41.37972,2.184517,16.402000000000022,44.91
VW_534,41.322056,2.117866,16.374000000000017,46.81
VW_535,41.415888,2.124385,16.406000000000013,47.8
VW_536,41.418411,2.139546,16.316000000000013,48.37
VW_537,41.400561,2.112227,16.35000000000002,45.85
VW_538,41.408411,2.190596,16.379000000000026,44.02
VW_539,41.389626,2.124019,16.30300000000002,46.32
VW_540,41.393551,2.176826,16.423000000000027,43.12
VW_541,41.402991,2.156172,16.355000000000018,45.24
VW_542,41.417196,2.134712,16.430000000000014,48.71
VW_543,41.38648500657317,2.186817164054968,16.55800000000003,42.75
VW_544,41.424112,2.216597,16.44400000000002,47.66
VW_545,41.371963,2.114644,16.266000000000016,45.94
VW_546,41.34923007908031,2.1350616791104677,16.392000000000014,46.98
VW_547,41.420187,2.198066,16.47300000000002,46.34
VW_548,41.424953,2.177852,16.369000000000018,46.5
VW_549,41.352523,2.1602,16.376000000000012,46.59
VW_550,41.40271,2.144307,16.18500000000002,45.64
VW_551,41.38528306917073,2.173392646021772,16.378000000000025,43.17
VW_552,41.321869,2.095747,16.368000000000016,46.98
VW_553,41.36282183761545,2.118282529119369,16.374000000000013,45.95
VW_554,41.396075,2.18459,16.420000000000027,43.16
VW_555,41.358692,2.119185,16.368000000000016,46.98
VW_556,41.388505,2.097285,16.357000000000017,45.87
VW_557,41.404299,2.19272,16.368000000000027,44.05
VW_558,41.391028,2.108857,16.35400000000002,45.91
VW_559,41.352897,2.128706,16.374000000000013,45.95
VW_560,41.428037,2.201069,16.46300000000002,47.8
VW_561,41.39514,2.133979,16.278000000000016,46.84
VW_562,41.32507408927125,2.0821646541251786,16.368000000000016,46.98
VW_563,41.425794,2.17353,16.39400000000002,47.32
VW_564,41.421028,2.142476,16.352000000000015,48.97
VW_565,41.415607,2.173457,16.382000000000026,44.72
VW_566,41.410981959183246,2.202613383343748,16.306000000000026,44.76
VW_567,41.376075,2.10981,16.266000000000016,45.94
VW_568,41.424019,2.115449,16.400000000000013,48.88
VW_569,41.417103,2.135298,16.430000000000014,48.71
VW_570,41.40215,2.146943,16.23300000000002,45.72
VW_571,41.420935,2.17126,16.37600000000002,45.64
VW_572,41.32028,2.161445,16.417000000000016,47.16
VW_573,41.32514,2.087251,16.368000000000016,46.98
VW_574,41.409159,2.200044,16.269000000000027,44.82
VW_575,41.390093,2.170015,16.360000000000028,43.24
VW_576,41.434486,2.184736,16.40300000000002,46.31
VW_577,41.441776,2.107612,16.400000000000013,48.88
VW_578,41.422336,2.191401,16.39100000000002,46.79
VW_579,41.390935,2.164302,16.32400000000002,44.92
VW_580,41.333364,2.162617,16.417000000000016,47.16
VW_581,41.37129052290983,2.111137853538818,16.266000000000016,45.94
VW_582,41.373178,2.103657,16.281000000000017,45.9
VW_583,41.409907,2.188472,16.290000000000024,44.89
VW_584,41.403738,2.139399,16.210000000000022,45.79
VW_585,41.414673,2.207734,16.42600000000002,47.49
VW_586,41.32181204343284,2.0998037852088087,16.368000000000016,46.98
VW_587,41.398131,2.118452,16.30900000000002,46.35
VW_588,41.396355,2.14123,16.18100000000002,46.15
VW_589,41.325047,2.184956,16.447000000000017,46.2
VW_590,41.408972,2.164082,16.32900000000002,45.75
VW_591,41.348131,2.131782,16.368000000000016,46.98
VW_592,41.412804,2.143354,16.23900000000002,47.85
VW_593,41.341402,2.151191,16.417000000000016,47.16
VW_594,41.409252,2.143062,16.262000000000018,45.81
VW_595,41.381869,2.178877,16.404000000000025,43.45
VW_596,41.35844575412754,2.1506082933519197,16.39800000000001,46.56
VW_597,41.415888,2.18437,16.321000000000023,45.1
VW_598,41.414112,2.144819,16.224000000000014,47.95
VW_599,41.367383,2.100068,16.374000000000013,45.95
VW_600,41.41514,2.187593,16.311000000000025,44.99
VW_601,41.42692125498929,2.2188004841549733,16.44400000000002,47.66
VW_602,41.416262,2.189497,16.336000000000023,45.06
VW_603,41.44424099969135,2.15269182617702,16.468000000000007,49.06
VW_604,41.376822,2.099775,16.30300000000002,45.9
VW_605,41.40972,2.137715,16.221000000000018,47.85
VW_606,41.366822,2.194331,16.406000000000024,44.84
VW_607,41.336075,2.162031,16.417000000000016,47.16
VW_608,41.414953,2.123652,16.400000000000013,47.62
VW_609,41.391869,2.107686,16.348000000000017,45.73
VW_610,41.42514096249226,2.204336537451415,16.47200000000002,47.66
VW_611,41.351308,2.170967,16.41800000000002,45.36
VW_612,41.419813,2.149067,16.431000000000008,48.28
VW_613,41.32514,2.123359,16.28600000000002,47.32
VW_614,41.321869,2.113472,16.368000000000016,46.98
VW_615,41.375421,2.177046,16.391000000000023,44.91
VW_616,41.410748,2.200557,16.272000000000027,44.7
VW_617,41.430886256277695,2.156869159861629,16.400000000000013,49.09
VW_618,41.374206,2.177119,16.433000000000025,44.5
VW_619,41.354206,2.170674,16.415000000000017,45.36
VW_620,41.399813,2.14709,16.276000000000018,45.81
VW_621,41.419907,2.20334,16.44900000000002,48.01
VW_622,41.360748,2.163643,16.409000000000017,45.55
VW_623,41.397477,2.193379,16.298000000000027,43.92
VW_624,41.323364,2.221577,16.39600000000002,46.35
VW_625,41.391121,2.191768,16.518000000000026,43.34
VW_626,41.420467,2.1175,16.426000000000013,47.8
VW_627,41.352056,2.162031,16.39300000000002,45.83
VW_628,41.356542,2.151338,16.39300000000002,45.83
VW_629,41.383458,2.171333,16.424000000000024,42.82
VW_630,41.374673,2.115376,16.266000000000016,45.94
VW_631,41.406262,2.137495,16.221000000000018,47.03
VW_632,41.410935,2.143135,16.218000000000014,47.95
VW_633,41.373551,2.154194,16.22500000000002,45.83
VW_634,41.377757,2.149141,16.192000000000018,45.86
VW_635,41.37729,2.149653,16.192000000000018,45.86
VW_636,41.37785,2.126362,16.18100000000002,46.26
VW_637,41.399907,2.131929,16.252000000000017,46.94
VW_638,41.387477,2.15793,16.28000000000002,45.4
VW_639,41.446822,2.223994,16.44400000000002,47.66
VW_640,41.424486,2.116255,16.400000000000013,48.88
VW_641,41.407103,2.191401,16.38700000000003,43.36
VW_642,41.382243,2.18459,16.388000000000023,44.83
VW_643,41.410654,2.127974,16.38300000000001,47.62
VW_644,41.398318,2.186934,16.414000000000026,43.38
VW_645,41.411308,2.140864,16.301000000000016,47.56
VW_646,41.35757,2.161079,16.376000000000012,46.57
VW_647,41.380841,2.147529,16.14000000000002,46.21
VW_648,41.392243,2.173677,16.405000000000026,43.1
VW_649,41.375514,2.1123,16.266000000000016,45.94
VW_650,41.384393,2.185762,16.463000000000026,44.73
VW_651,41.413364,2.190596,16.287000000000024,44.98
VW_652,41.321869,2.115596,16.374000000000017,46.81
VW_653,41.383271,2.123945,16.29200000000002,45.77
VW_654,41.405794,2.153535,16.31800000000002,45.38
VW_655,41.379252,2.108345,16.266000000000016,45.94
VW_656,41.399813,2.201289,16.431000000000026,43.92
VW_657,41.384568724586245,2.1005335603724578,16.34700000000002,45.75
VW_658,41.379439,2.169795,16.417000000000023,44.11
VW_659,41.414299,2.141597,16.26400000000002,47.73
VW_660,41.321776,2.087178,16.368000000000016,46.98
VW_661,41.395421,2.148848,16.235000000000017,46.03
VW_662,41.37220523356304,2.103056425099394,16.30300000000002,45.9
VW_663,41.338505,2.196235,16.39600000000002,46.35
VW_664,41.443271,2.151265,16.431000000000008,49.44
VW_665,41.374579,2.195576,16.378000000000025,44.9
VW_666,41.32337877655189,2.2269995811558707,16.39600000000002,46.35
VW_667,41.370935,2.166133,16.46900000000002,44.19
VW_668,41.426916,2.218794,16.44400000000002,47.66
VW_669,41.418879,2.134639,16.410000000000014,48.71
VW_670,41.425607,2.14123,16.411000000000012,49.02
VW_671,41.337103,2.171846,16.442000000000018,46.74
VW_672,41.404019,2.171113,16.388000000000027,43.73
VW_673,41.415327,2.171187,16.38700000000002,45.41
VW_674,41.325234,2.129805,16.374000000000017,46.81
VW_675,41.393925,2.182905,16.417000000000026,42.98
VW_676,41.355888,2.139766,16.21700000000002,46.97
VW_677,41.37935133963823,2.158987989318021,16.24000000000002,45.8
VW_678,41.411121,2.189277,16.313000000000024,44.94
VW_679,41.32196106187509,2.1652421425863624,16.425000000000015,47.06
VW_680,41.377757,2.190449,16.482000000000024,44.6
VW_681,41.379907,2.146284,16.12000000000002,46.18
VW_682,41.40215,2.153901,16.33200000000002,45.54
VW_683,41.401215,2.140718,16.25700000000002,45.61
VW_684,41.393084,2.107539,16.36000000000002,45.85
VW_685,41.35514,2.18188,16.423000000000023,44.8
VW_686,41.34658852333081,2.1778878862136017,16.426000000000023,44.9
VW_687,41.36418538973608,2.1802135515660868,16.498000000000026,44.33
VW_688,41.420935,2.116621,16.406000000000013,47.8
VW_689,41.379346,2.159028,16.24000000000002,45.8
VW_690,41.38083260937465,2.1009152942645817,16.266000000000016,45.94
VW_691,41.400187,2.174849,16.390000000000025,43.31
VW_692,41.376449,2.160786,16.243000000000016,45.79
VW_693,41.37272869354474,2.112535631741256,16.266000000000016,45.94
VW_694,41.407383,2.196235,16.282000000000025,44.65
VW_695,41.355327,2.119404,16.368000000000016,46.98
VW_696,41.379907,2.123286,16.19600000000002,46.22
VW_697,41.368505,2.101753,16.371000000000016,45.75
VW_698,41.433925,2.175654,16.380000000000017,47.32
VW_699,41.449907,2.201143,16.45300000000002,47.01
VW_700,41.321869,2.103291,16.368000000000016,46.98
VW_701,41.360561,2.117866,16.368000000000016,46.98
VW_702,41.371215,2.15771,16.37600000000002,44.78
VW_703,41.403364,2.179097,16.366000000000028,43.24
VW_704,41.385421,2.194331,16.385000000000026,44.89
VW_705,41.409813,2.132734,16.342000000000013,47.18
VW_706,41.396542,2.197261,16.437000000000026,43.81
VW_707,41.386542,2.1654,16.30900000000002,44.79
VW_708,41.373738,2.156025,16.25100000000002,45.64
VW_709,41.405047,2.182173,16.363000000000028,43.32
VW_710,41.366822,2.122261,16.31500000000002,46.02
VW_711,41.417383,2.124971,16.400000000000013,48.88
VW_712,41.341121,2.148042,16.401000000000014,46.93
VW_713,41.355514,2.127241,16.371000000000016,45.75
VW_714,41.396168,2.145259,16.26600000000002,45.47
VW_715,41.42972,2.162471,16.443000000000012,49.44
VW_716,41.43028,2.17917,16.39700000000002,46.57
VW_717,41.390748,2.110908,16.30600000000002,46.28
VW_718,41.379252,2.177852,16.416000000000025,44.58
VW_719,41.358131,2.158149,16.376000000000012,46.57
VW_720,41.381869,2.128853,16.18100000000002,46.26
VW_721,41.425514,2.158955,16.384000000000015,48.07
VW_722,41.406168,2.177925,16.366000000000028,43.24
VW_723,41.441028,2.149727,16.459000000000014,49.2
VW_724,41.387757,2.182026,16.48000000000003,43.14
VW_725,41.349439,2.144014,16.299000000000017,47.29
VW_726,41.408785,2.132295,16.324000000000016,47.23
VW_727,41.349252,2.166499,16.401000000000018,45.68
VW_728,41.359065,2.143354,16.310000000000016,46.38
VW_729,41.400841,2.111348,16.32600000000002,45.85
VW_730,41.409626,2.135225,16.224000000000014,47.95
VW_731,41.395607,2.147896,16.250000000000018,46.09
VW_732,41.394486,2.14936,16.21700000000002,45.99
VW_733,41.398505,2.199458,16.437000000000026,43.81
VW_734,41.426355,2.197407,16.46400000000002,46.48
VW_735,41.431495,2.15771,16.380000000000013,49.15
VW_736,41.433551,2.119331,16.400000000000013,48.88
VW_737,41.432056,2.183857,16.40300000000002,46.31
VW_738,41.32243,2.201509,16.39600000000002,46.35
VW_739,41.322336,2.198799,16.39600000000002,46.35
VW_740,41.444953,2.164448,16.45600000000001,49.01
VW_741,41.36486,2.155586,16.394000000000016,45.36
VW_742,41.382991,2.139766,16.12600000000002,45.8
VW_743,41.35271,2.122261,16.368000000000016,46.98
VW_744,41.34,2.161445,16.417000000000016,47.16
VW_745,41.336822,2.179829,16.450000000000017,46.28
VW_746,41.406729,2.189351,16.381000000000025,43.58
VW_747,41.429533,2.120576,16.345000000000013,48.97
VW_748,41.321963,2.096772,16.368000000000016,46.98
VW_749,41.416636,2.12021,16.400000000000013,47.62
VW_750,41.338224,2.150825,16.417000000000016,47.16
VW_751,41.405607,2.157563,16.31800000000002,45.38
VW_752,41.398037,2.114644,16.34100000000002,46.35
VW_753,41.325047,2.080659,16.368000000000016,46.98
VW_754,41.421121,2.134199,16.410000000000014,48.71
VW_755,41.425888,2.220845,16.44400000000002,47.66
VW_756,41.409626,2.201362,16.294000000000025,44.7
VW_757,41.39304364449039,2.1075525816905536,16.36000000000002,45.85
VW_758,41.357477,2.186201,16.423000000000023,44.8
VW_759,41.411776,2.150239,16.304000000000016,46.16
VW_760,41.383271,2.129072,16.18100000000002,46.26
VW_761,41.441028,2.145698,16.418000000000013,48.94
VW_762,41.384299,2.162031,16.286000000000023,45.18
VW_763,41.411402,2.161958,16.301000000000016,46.41
VW_764,41.421963,2.204365,16.435000000000016,48.01
VW_765,41.321776,2.097505,16.368000000000016,46.98
VW_766,41.348037,2.126729,16.368000000000016,46.98
VW_767,41.371589,2.150386,16.252000000000017,45.75
VW_768,41.394019,2.144673,16.16000000000002,46.04
VW_769,41.42729,2.160127,16.401000000000014,49.29
VW_770,41.351589,2.182832,16.423000000000023,44.82
VW_771,41.408505,2.1821,16.311000000000025,44.3
VW_772,41.414019,2.205024,16.46700000000002,45.8
VW_773,41.40639005909119,2.1995601950110144,16.262000000000025,44.63
VW_774,41.39815819701571,2.118415393932477,16.30900000000002,46.35
VW_775,41.39486,2.118013,16.348000000000017,45.73
VW_776,41.395421,2.110762,16.397000000000016,46.13
VW_777,41.3965149343738,2.1663991228389543,16.309000000000022,44.97
VW_778,41.423458,2.219746,16.44400000000002,47.66
VW_779,41.402991,2.155366,16.333000000000016,45.24
VW_780,41.401215,2.112446,16.335000000000022,46.01
VW_781,41.359252,2.094575,16.368000000000016,46.98
VW_782,41.404019,2.134565,16.304000000000016,46.82
VW_783,41.358972,2.14709,16.38600000000002,44.67
VW_784,41.424112,2.116841,16.400000000000013,48.88
VW_785,41.375514,2.101167,16.30300000000002,45.9
VW_786,41.4350553456528,2.203607889728177,16.47200000000002,47.66
VW_787,41.388505,2.149507,16.24300000000002,45.66
VW_788,41.386449,2.186787,16.55800000000003,42.75
VW_789,41.415701,2.146504,16.349000000000014,48.17
VW_790,41.370935,2.113032,16.281000000000017,45.9
VW_791,41.36,2.169795,16.42300000000002,45.25
VW_792,41.375701,2.150459,16.20500000000002,45.82
VW_793,41.404579,2.137568,16.24000000000002,47.16
VW_794,41.421495,2.20334,16.435000000000016,48.01
VW_795,41.34274861528952,2.1327605702559835,16.368000000000016,46.98
VW_796,41.323364,2.214399,16.39600000000002,46.35
VW_797,41.432897,2.154707,16.380000000000013,49.15
VW_798,41.420093,2.188838,16.308000000000025,45.09
VW_799,41.42486,2.142402,16.393000000000015,49.09
VW_800,41.339813,2.133027,16.368000000000016,46.98
VW_801,41.388131,2.166426,16.28400000000002,44.9
VW_802,41.419813,2.166719,16.368000000000016,46.16
VW_803,41.429813,2.182319,16.40500000000002,46.79
VW_804,41.388598,2.161445,16.27600000000002,45.15
VW_805,41.423925,2.197041,16.414000000000023,46.71
VW_806,41.360093,2.092598,16.368000000000016,46.98
VW_807,41.399346,2.177046,16.45100000000003,42.9
VW_808,41.340467,2.150532,16.417000000000016,47.16
VW_809,41.421402,2.217402,16.44400000000002,47.66
VW_810,41.398785,2.113032,16.35700000000002,46.01
VW_811,41.371028,2.166792,16.46300000000002,45.25
VW_812,41.429065,2.177339,16.33700000000002,46.9
VW_813,41.409626,2.191841,16.302000000000024,44.53
VW_814,41.400654,2.138374,16.25700000000002,45.61
VW_815,41.414393,2.202607,16.391000000000023,46.53
VW_816,41.407196,2.162397,16.30700000000002,46.19
VW_817,41.408598,2.162471,16.330000000000016,45.91
VW_818,41.42486,2.219307,16.44400000000002,47.66
VW_819,41.33972,2.148115,16.395000000000014,47.1
VW_820,41.408224,2.142842,16.256000000000018,45.98
VW_821,41.402523,2.094282,16.410000000000014,47.0
VW_822,41.354206,2.178804,16.426000000000023,44.88
VW_823,41.380748,2.121675,16.21400000000002,46.42
VW_824,41.399065,2.114937,16.32100000000002,46.35
VW_825,41.429252,2.176387,16.33700000000002,46.9
VW_826,41.431776,2.204146,16.46300000000002,47.8
VW_827,41.351252177745295,2.1267166307753054,16.368000000000016,46.98
VW_828,41.411121,2.201143,16.291000000000025,44.82
VW_829,41.427383,2.117207,16.400000000000013,48.88
VW_830,41.394486,2.175947,16.423000000000027,43.12
VW_831,41.39742792473053,2.1822808222970336,16.434000000000026,43.16
VW_832,41.426075,2.203486,16.44400000000002,47.66
VW_833,41.399346,2.145479,16.18400000000002,45.93
VW_834,41.38950242730184,2.113951102476087,16.30800000000002,45.79
VW_835,41.35,2.173018,16.426000000000023,44.92
VW_836,41.355981,2.164155,16.401000000000018,45.66
VW_837,41.333084,2.161006,16.417000000000016,47.16
VW_838,41.35209226664266,2.120489708029173,16.368000000000016,46.98
VW_839,41.406916,2.185176,16.344000000000026,43.88
VW_840,41.391963,2.164741,16.29500000000002,45.27
VW_841,41.433738,2.155439,16.393000000000015,49.15
VW_842,41.435514,2.181221,16.40900000000002,46.09
VW_843,41.423084,2.159028,16.378000000000014,47.89
VW_844,41.423084,2.202534,16.44900000000002,48.01
VW_845,41.442804,2.146284,16.418000000000013,48.94
VW_846,41.429071834529466,2.1773186704986043,16.33700000000002,46.9
VW_847,41.418037,2.126216,16.400000000000013,48.88
VW_848,41.386168,2.177339,16.384000000000025,43.23
VW_849,41.363364,2.14416,16.25700000000002,44.57
VW_850,41.347383,2.169136,16.415000000000017,45.38
VW_851,41.367196,2.136616,16.26300000000002,46.3
VW_852,41.398785,2.20063,16.431000000000026,43.92
VW_853,41.41243,2.150313,16.304000000000016,46.16
VW_854,41.394579,2.177998,16.448000000000025,42.67
VW_855,41.412897,2.192354,16.258000000000024,45.16
VW_856,41.321963,2.168696,16.425000000000015,47.06
VW_857,41.40994519282204,2.1885204403104064,16.290000000000024,44.89
VW_858,41.337944,2.204951,16.39600000000002,46.35
VW_859,41.40729,2.143428,16.262000000000018,45.81
VW_860,41.356075,2.136836,16.32900000000002,45.73
VW_861,41.33729,2.195942,16.42200000000002,46.29
VW_862,41.427477,2.200996,16.44900000000002,48.01
VW_863,41.398785,2.098604,16.410000000000014,47.0
VW_864,41.393551,2.173823,16.437000000000026,43.12
VW_865,41.40440074303192,2.181711867555323,16.363000000000028,43.32
VW_866,41.42576446649334,2.1974174155532693,16.47300000000002,46.34
VW_867,41.395794,2.097505,16.410000000000014,47.0
VW_868,41.389533,2.189937,16.548000000000027,42.97
VW_869,41.340561,2.148994,16.395000000000014,47.1
VW_870,41.396075,2.139619,16.20400000000002,45.73
VW_871,41.352056,2.120503,16.368000000000016,46.98
VW_872,41.416822,2.137935,16.316000000000013,48.45
VW_873,41.373178,2.131636,16.249000000000017,46.47
VW_874,41.377009,2.120063,16.20200000000002,46.36
VW_875,41.383645,2.160786,16.21300000000002,45.83
VW_876,41.399907,2.190889,16.41400000000003,43.35
VW_877,41.412617,2.188765,16.298000000000023,45.0
VW_878,41.419813,2.17126,16.38400000000002,45.77
VW_879,41.395234,2.159834,16.290000000000017,45.51
VW_880,41.323645,2.208687,16.39600000000002,46.35
VW_881,41.409252,2.141011,16.295000000000016,47.1
VW_882,41.380187,2.148774,16.184000000000022,45.9
VW_883,41.383551,2.178218,16.404000000000025,43.21
VW_884,41.406636,2.159907,16.340000000000018,45.35
VW_885,41.436916,2.203047,16.44400000000002,47.66
VW_886,41.363271,2.138008,16.18400000000002,46.52
VW_887,41.425888,2.172944,16.39400000000002,47.32
VW_888,41.409065,2.182612,16.311000000000025,44.3
VW_889,41.419813,2.116401,16.420000000000012,47.62
VW_890,41.361776,2.143721,16.30300000000002,44.54
VW_891,41.425047,2.199897,16.439000000000018,47.01
VW_892,41.33797272293082,2.2023394170830906,16.39600000000002,46.35
VW_893,41.419626,2.133394,16.400000000000013,48.88
VW_894,41.388598,2.14731,16.20600000000002,45.51
VW_895,41.406542,2.204219,16.318000000000026,44.6
VW_896,41.421682,2.200996,16.46300000000002,47.8
VW_897,41.398318,2.187666,16.420000000000027,43.16
VW_898,41.397383,2.098164,16.410000000000014,47.0
VW_899,41.412243,2.2029,16.411000000000023,46.03
VW_900,41.373645,2.152217,16.19900000000002,45.86
VW_901,41.414673,2.120503,16.336000000000016,47.35
VW_902,41.403458,2.148774,16.25500000000002,46.0
VW_903,41.370916281155786,2.1129914583236302,16.281000000000017,45.9
VW_904,41.347009,2.176826,16.426000000000023,44.9
VW_905,41.406916,2.157856,16.31800000000002,45.38
VW_906,41.422804,2.157271,16.378000000000014,47.97
VW_907,41.321682,2.092231,16.368000000000016,46.98
VW_908,41.349907,2.174775,16.42900000000002,44.9
VW_909,41.394486,2.190303,16.407000000000025,43.67
VW_910,41.353084,2.185176,16.423000000000023,44.82
VW_911,41.386729,2.172358,16.348000000000027,43.19
VW_912,41.41243,2.181514,16.339000000000027,44.35
VW_913,41.385701,2.153315,16.26900000000002,45.63
VW_914,41.415981,2.172212,16.38100000000002,45.63
VW_915,41.393925,2.09604,16.410000000000014,46.88
VW_916,41.359439,2.187593,16.431000000000026,44.69
VW_917,41.398224,2.181953,16.359000000000027,43.65
VW_918,41.40514,2.16335,16.32400000000002,45.41
VW_919,41.380467,2.129219,16.187000000000022,46.42
VW_920,41.399907,2.18686,16.420000000000027,43.16
VW_921,41.338598,2.201802,16.39600000000002,46.35
VW_922,41.355701,2.132661,16.31500000000002,46.02
VW_923,41.34028,2.191548,16.447000000000017,46.2
VW_924,41.44359438713338,2.146649420077823,16.468000000000007,49.06
VW_925,41.377196,2.124897,16.20500000000002,46.26
VW_926,41.42782120801372,2.119512788197959,16.410000000000014,48.71
VW_927,41.41243,2.163423,16.31500000000002,46.09
VW_928,41.402991,2.175801,16.37800000000003,43.37
VW_929,41.359439,2.178071,16.434000000000022,44.77
VW_930,41.432804,2.175142,16.324000000000016,47.49
VW_931,41.32976927544438,2.149238308245319,16.395000000000014,47.1
VW_932,41.449626,2.13918,16.400000000000013,48.88
VW_933,41.350748,2.122993,16.368000000000016,46.98
VW_934,41.422336,2.114863,16.400000000000013,48.88
VW_935,41.41790479334426,2.148078826303557,16.431000000000008,48.28
VW_936,41.321776,2.099849,16.368000000000016,46.98
VW_937,41.353084,2.158516,16.376000000000012,46.59
VW_938,41.421869,2.155366,16.478000000000012,47.63
VW_939,41.390467,2.154048,16.26000000000002,45.55
VW_940,41.400093,2.11457,16.30600000000002,46.39
VW_941,41.40056697305299,2.112266976779567,16.35000000000002,45.85
VW_942,41.40757,2.142329,16.262000000000018,45.81
VW_943,41.373832,2.128267,16.290000000000017,45.94
VW_944,41.322056,2.164448,16.425000000000015,47.06
VW_945,41.385701,2.165254,16.294000000000022,44.93
VW_946,41.42215,2.152217,16.459000000000014,47.94
VW_947,41.360748,2.138594,16.18100000000002,46.26
VW_948,41.392336,2.193306,16.532000000000025,42.98
VW_949,41.372243,2.110322,16.266000000000016,45.94
VW_950,41.430187,2.198213,16.44800000000002,46.56
VW_951,41.41590949493795,2.1243892686222594,16.406000000000013,47.8
VW_952,41.391682,2.167305,16.309000000000022,44.85
VW_953,41.381963,2.098384,16.30300000000002,45.9
VW_954,41.3847576723288,2.1801745998704294,16.449000000000026,43.01
VW_955,41.422243,2.118818,16.420000000000012,48.88
VW_956,41.322523,2.122627,16.28600000000002,47.32
VW_957,41.414766,2.135811,16.298000000000012,47.84
VW_958,41.418598,2.121821,16.400000000000013,48.88
VW_959,41.394673,2.15522,16.32500000000002,45.43
VW_960,41.366822,2.17939,16.498000000000026,44.33
VW_961,41.353645,2.18188,16.423000000000023,44.8
VW_962,41.448505,2.164814,16.45600000000001,49.01
VW_963,41.35575505162424,2.165970032472972,16.401000000000018,45.66
VW_964,41.42785,2.119551,16.410000000000014,48.71
VW_965,41.415607,2.193086,16.316000000000027,45.11
VW_966,41.361308,2.131929,16.26800000000002,45.77
VW_967,41.390467,2.117866,16.291000000000018,46.32
VW_968,41.41629862069568,2.189507575639435,16.336000000000023,45.06
VW_969,41.333645,2.155513,16.417000000000016,47.16
VW_970,41.427664,2.198213,16.43600000000002,46.79
VW_971,41.334766,2.149141,16.395000000000014,47.1
VW_972,41.349252,2.135078,16.392000000000014,46.98
VW_973,41.393271,2.131196,16.196000000000016,47.28
VW_974,41.447196,2.165181,16.45600000000001,49.01
VW_975,41.44972,2.188325,16.40300000000002,46.31
VW_976,41.38004255892625,2.144049512638716,16.11300000000002,46.32
VW_977,41.430187,2.118525,16.400000000000013,48.88
VW_978,41.403551,2.092378,16.42600000000002,46.89
VW_979,41.406992623283486,2.180529021101851,16.31700000000003,43.79
VW_980,41.322243,2.197993,16.39600000000002,46.35
VW_981,41.442617,2.085566,16.412000000000017,48.21
VW_982,41.355234,2.163643,16.401000000000018,45.66
VW_983,41.421869,2.155952,16.458000000000013,47.63
VW_984,41.432804,2.157637,16.458000000000013,48.89
VW_985,41.393832,2.183857,16.40200000000003,43.12
VW_986,41.44486,2.106367,16.400000000000013,48.88
VW_987,41.428598,2.219966,16.44400000000002,47.66
VW_988,41.433178,2.17624,16.39700000000002,46.57
VW_989,41.354112,2.140132,16.401000000000018,45.58
VW_990,41.422523,2.210298,16.44400000000002,47.66
VW_991,41.416636,2.182539,16.307000000000023,45.44
VW_992,41.336542,2.150679,16.417000000000016,47.16
VW_993,41.392336,2.192354,16.555000000000028,42.51
VW_994,41.396542,2.166426,16.309000000000022,44.97
VW_995,41.398505,2.196821,16.305000000000028,44.6
VW_996,41.381308,2.174482,16.464000000000024,43.13
VW_997,41.396355,2.192427,16.411000000000026,43.26
VW_998,41.356262,2.17939,16.426000000000023,44.88
VW_999,41.418131,2.181294,16.342000000000024,45.04
VW_1000,41.381682,2.097212,16.30300000000002,45.9
VW_1001,41.394019,2.186787,16.384000000000025,43.47
VW_1002,41.427196,2.16291,16.459000000000014,49.2
VW_1003,41.395701,2.164595,16.32400000000002,44.83
VW_1004,41.38442776641152,2.167501619902785,16.309000000000022,44.09
VW_1005,41.401682,2.150532,16.22900000000002,46.08
VW_1006,41.321963,2.09875,16.368000000000016,46.98
VW_1007,41.348692,2.14123,16.368000000000016,46.98
VW_1008,41.42,2.182246,16.307000000000023,45.54
VW_1009,41.436262,2.205903,16.44400000000002,47.66
VW_1010,41.42792518508173,2.202506163793953,16.435000000000016,48.01
VW_1011,41.384112,2.166279,16.28400000000002,44.9
VW_1012,41.383084,2.10373,16.27500000000002,46.1
VW_1013,41.32213935761758,2.1217869172829134,16.28600000000002,47.32
VW_1014,41.435234,2.199897,16.435000000000016,48.01
VW_1015,41.325047,2.084175,16.368000000000016,46.98
VW_1016,41.444206,2.152656,16.468000000000007,49.06
VW_1017,41.385421,2.100361,16.32300000000002,45.75
VW_1018,41.400748,2.150972,16.25000000000002,46.0
VW_1019,41.412897,2.119624,16.344000000000015,46.52
VW_1020,41.399252,2.159102,16.38000000000002,45.21
VW_1021,41.384299,2.133979,16.194000000000024,44.95
VW_1022,41.359907,2.141743,16.22000000000002,46.79
VW_1023,41.40729,2.161079,16.310000000000016,46.38
VW_1024,41.39729,2.18415,16.420000000000027,43.16
VW_1025,41.396168,2.193452,16.319000000000027,44.29
VW_1026,41.426916,2.199238,16.439000000000018,47.01
VW_1027,41.322056,2.131929,16.28600000000002,47.24
VW_1028,41.357383,2.159321,16.376000000000012,46.57
VW_1029,41.352243,2.143135,16.28600000000002,47.32
VW_1030,41.387103,2.16855,16.336000000000023,43.98
VW_1031,41.421308,2.115376,16.406000000000013,47.8
VW_1032,41.431028,2.179316,16.411000000000023,46.57
VW_1033,41.419159,2.17917,16.336000000000023,45.06
VW_1034,41.40442843699193,2.1817691923326348,16.363000000000028,43.32
VW_1035,41.405421,2.150532,16.293000000000017,45.96
VW_1036,41.354579,2.186128,16.423000000000023,44.82
VW_1037,41.434766,2.202241,16.44900000000002,48.01
VW_1038,41.382897,2.146138,16.13400000000002,45.72
VW_1039,41.321776,2.086299,16.368000000000016,46.98
VW_1040,41.397383,2.182319,16.434000000000026,43.16
VW_1041,41.381963,2.106294,16.266000000000016,45.94
VW_1042,41.32287297593854,2.1962062753435028,16.42200000000002,46.29
VW_1043,41.366636,2.097505,16.368000000000016,46.98
VW_1044,41.355794,2.165986,16.401000000000018,45.66
VW_1045,41.391121,2.151338,16.20200000000002,46.07
VW_1046,41.401308,2.191328,16.368000000000027,43.77
VW_1047,41.363645,2.170308,16.49100000000002,44.87
VW_1048,41.416636,2.126143,16.400000000000013,48.88
VW_1049,41.41153131336215,2.1208180403661543,16.324000000000016,47.23
VW_1050,41.337944,2.202388,16.39600000000002,46.35
VW_1051,41.435701,2.203486,16.44400000000002,47.66
VW_1052,41.406168,2.19792,16.244000000000025,44.61
VW_1053,41.424112,2.204585,16.46300000000002,47.8
VW_1054,41.394112,2.158589,16.290000000000017,45.51
VW_1055,41.34972,2.12563,16.368000000000016,46.98
VW_1056,41.418237554772695,2.1825999519284056,16.310000000000024,45.44
VW_1057,41.39729,2.150752,16.26700000000002,46.12
VW_1058,41.395421,2.146431,16.20000000000002,45.82
VW_1059,41.378879,2.104609,16.266000000000016,45.94
VW_1060,41.405514,2.164521,16.33000000000002,45.07
VW_1061,41.378131,2.174482,16.500000000000025,43.4
VW_1062,41.410374,2.121895,16.324000000000016,47.23
VW_1063,41.375327,2.172578,16.436000000000025,44.5
VW_1064,41.408785,2.145552,16.26100000000002,46.11
VW_1065,41.355047,2.179243,16.426000000000023,44.88
VW_1066,41.401028,2.196162,16.328000000000028,43.89
VW_1067,41.372617,2.106514,16.266000000000016,45.94
VW_1068,41.395514,2.1498,16.235000000000017,46.12
VW_1069,41.35551096317936,2.1272061240337634,16.371000000000016,45.75
VW_1070,41.355794,2.181294,16.423000000000023,44.8
VW_1071,41.403458,2.172578,16.367000000000026,43.85
VW_1072,41.430187,2.176387,16.32300000000002,46.9
VW_1073,41.386636,2.178071,16.384000000000025,43.23
VW_1074,41.374393,2.126143,16.27700000000002,45.93
VW_1075,41.376355,2.105049,16.266000000000016,45.94
VW_1076,41.381963,2.168477,16.371000000000024,43.62
VW_1077,41.402523,2.149873,16.22600000000002,46.2
VW_1078,41.420467,2.153022,16.443000000000012,48.28
VW_1079,41.431215,2.177192,16.419000000000022,46.42
VW_1080,41.384673,2.136323,16.18200000000002,45.69
VW_1081,41.348037,2.133247,16.380000000000017,47.14
VW_1082,41.360561,2.148262,16.37000000000002,45.04
VW_1083,41.42077406005089,2.145657741830938,16.400000000000013,48.88
VW_1084,41.365794,2.160566,16.384000000000015,46.46
VW_1085,41.34922926417383,2.16644951176498,16.401000000000018,45.68
VW_1086,41.34757,2.180488,16.423000000000023,44.82
VW_1087,41.431776,2.161372,16.468000000000007,49.06
VW_1088,41.348037,2.173384,16.42900000000002,44.9
VW_1089,41.385794,2.17895,16.393000000000026,43.27
VW_1090,41.385514,2.181221,16.534000000000027,42.4
VW_1091,41.384299,2.149873,16.222000000000023,45.92
VW_1092,41.401121,2.113911,16.29400000000002,46.39
VW_1093,41.42514,2.204292,16.47200000000002,47.66
VW_1094,41.421402,2.145845,16.418000000000013,48.94
VW_1095,41.348692,2.142402,16.374000000000017,46.81
VW_1096,41.381121,2.150972,16.19900000000002,45.86
VW_1097,41.379533,2.188838,16.504000000000026,44.11
VW_1098,41.356636,2.142183,16.20800000000002,46.87
VW_1099,41.43785,2.153755,16.36000000000001,49.53
VW_1100,41.388692,2.119551,16.30300000000002,46.32
VW_1101,41.375047,2.187373,16.47700000000002,44.22
VW_1102,41.325047,2.137422,16.374000000000017,46.81
VW_1103,41.401682,2.197041,16.296000000000028,44.36
VW_1104,41.405327,2.183638,16.345000000000024,43.7
VW_1105,41.409439,2.160347,16.301000000000016,46.46
VW_1106,41.393551,2.111787,16.34100000000002,46.38
VW_1107,41.3572994383236,2.17118630314634,16.426000000000023,45.23
VW_1108,41.33785,2.197407,16.39600000000002,46.35
VW_1109,41.370187,2.164448,16.447000000000013,45.21
VW_1110,41.415701,2.18979,16.336000000000023,45.14
VW_1111,41.321963,2.0904,16.368000000000016,46.98
VW_1112,41.410467,2.139326,16.247000000000018,47.58
VW_1113,41.413832,2.183638,16.345000000000024,44.44
VW_1114,41.347383,2.17939,16.426000000000023,44.9
VW_1115,41.41905924006994,2.1574625243001173,16.352000000000018,46.81
VW_1116,41.423645,2.20063,16.46700000000002,46.7
VW_1117,41.443084,2.187666,16.419000000000022,46.45
VW_1118,41.442523,2.144673,16.418000000000013,48.94
VW_1119,41.407477,2.177852,16.308000000000025,44.42
VW_1120,41.426355,2.219819,16.44400000000002,47.66
VW_1121,41.37972,2.190522,16.504000000000026,44.11
VW_1122,41.393551,2.145771,16.16700000000002,45.81
VW_1123,41.350187,2.139912,16.368000000000016,46.98
VW_1124,41.375981,2.120796,16.17800000000002,46.74
VW_1125,41.3221780207645,2.121716884053407,16.28600000000002,47.32
VW_1126,41.42,2.108345,16.349000000000018,47.03
VW_1127,41.411028,2.148628,16.324000000000016,46.13
VW_1128,41.427196,2.17939,16.369000000000018,46.34
VW_1129,41.37271,2.11252,16.266000000000016,45.94
VW_1130,41.381682,2.208027,16.372000000000025,45.03
VW_1131,41.426262,2.12585,16.332000000000015,48.97
VW_1132,41.377664,2.158589,16.322000000000017,45.19
VW_1133,41.416075,2.136689,16.393000000000015,47.93
VW_1134,41.396075,2.104829,16.416000000000018,45.92
VW_1135,41.3814696554702,2.154750659509764,16.32600000000002,44.71
VW_1136,41.42789327602824,2.119510005553557,16.410000000000014,48.71
VW_1137,41.425047,2.174629,16.34000000000002,46.98
VW_1138,41.39324686046661,2.1774458042379097,16.362000000000027,43.61
VW_1139,41.415047,2.143867,16.276000000000018,48.11
VW_1140,41.40486,2.201143,16.330000000000027,44.16
VW_1141,41.357944,2.118086,16.368000000000016,46.98
VW_1142,41.38220500240831,2.184586088851491,16.388000000000023,44.83
VW_1143,41.353271,2.161006,16.376000000000012,46.59
VW_1144,41.351495,2.17353,16.42900000000002,44.9
VW_1145,41.392056,2.103291,16.36000000000002,45.85
VW_1146,41.415327,2.131636,16.325000000000014,49.35
VW_1147,41.341682,2.151631,16.417000000000016,47.16
VW_1148,41.375047,2.141084,16.196000000000016,45.91
VW_1149,41.388037,2.145186,16.17400000000002,45.39
VW_1150,41.347944,2.179463,16.426000000000023,44.9
VW_1151,41.421963,2.178071,16.311000000000025,44.99
VW_1152,41.394299,2.164814,16.29500000000002,45.22
VW_1153,41.32271,2.20334,16.39600000000002,46.35
VW_1154,41.429533,2.20334,16.44900000000002,48.01
VW_1155,41.397944,2.134126,16.21600000000002,47.22
VW_1156,41.347944,2.177925,16.426000000000023,44.9
VW_1157,41.404393,2.181733,16.363000000000028,43.32
VW_1158,41.403925,2.1654,16.33900000000002,45.33
VW_1159,41.353645,2.124458,16.368000000000016,46.98
VW_1160,41.38785,2.171187,16.363000000000028,43.3
VW_1161,41.354299,2.12856,16.371000000000016,45.75
VW_1162,41.40442432259399,2.181756442734946,16.363000000000028,43.32
VW_1163,41.389065,2.097432,16.357000000000017,45.87
VW_1164,41.412056,2.144966,16.19400000000002,46.64
VW_1165,41.431589,2.205098,16.435000000000016,48.01
VW_1166,41.404579,2.160933,16.37400000000002,45.26
VW_1167,41.397944,2.164741,16.28300000000002,45.31
VW_1168,41.368318,2.135884,16.29200000000002,45.77
VW_1169,41.449346,2.199604,16.460000000000022,46.6
VW_1170,41.33729,2.1498,16.395000000000014,47.1
VW_1171,41.423458,2.177192,16.339000000000024,44.96
VW_1172,41.337383,2.17126,16.442000000000018,46.74
VW_1173,41.414673,2.172725,16.376000000000023,44.21
VW_1174,41.35729,2.171187,16.426000000000023,45.23
VW_1175,41.41271,2.187959,16.284000000000024,45.0
VW_1176,41.405794,2.142769,16.20300000000002,45.79
VW_1177,41.425327,2.158149,16.384000000000015,48.07
VW_1178,41.322336,2.196968,16.42200000000002,46.29
VW_1179,41.44677301216024,2.223953112838558,16.44400000000002,47.66
VW_1180,41.399626,2.199971,16.417000000000026,43.92
VW_1181,41.389626,2.112227,16.30800000000002,45.79
VW_1182,41.391589,2.189497,16.525000000000027,42.88
VW_1183,41.36778026686612,2.1060285622975536,16.31500000000002,46.02
VW_1184,41.367477,2.108125,16.31500000000002,46.02
VW_1185,41.37243,2.109224,16.266000000000016,45.94
VW_1186,41.382336,2.182393,16.402000000000022,44.83
VW_1187,41.416168,2.185396,16.342000000000024,45.04
VW_1188,41.343458,2.091572,16.368000000000016,46.98
VW_1189,41.37785,2.13918,16.22100000000002,44.98
VW_1190,41.375234,2.111201,16.266000000000016,45.94
VW_1191,41.399813,2.182539,16.393000000000026,43.23
VW_1192,41.425234,2.119697,16.420000000000012,48.88
VW_1193,41.43378913803871,2.201803880192642,16.435000000000016,48.01
VW_1194,41.426916,2.161445,16.458000000000013,48.84
VW_1195,41.34785,2.172212,16.426000000000023,44.92
VW_1196,41.385047,2.177852,16.399000000000026,43.27
VW_1197,41.412804,2.143867,16.227000000000018,47.85
VW_1198,41.430935,2.171553,16.40900000000002,47.28
VW_1199,41.392243,2.09853,16.413000000000018,45.6
VW_1200,41.357757,2.146577,16.347000000000023,44.42
VW_1201,41.400374,2.130244,16.297000000000015,46.43
VW_1202,41.386262,2.156611,16.28400000000002,45.6
VW_1203,41.321963,2.091572,16.368000000000016,46.98
VW_1204,41.41271,2.202021,16.399000000000022,45.91
VW_1205,41.389907,2.18144,16.366000000000025,43.63
VW_1206,41.442617,2.14394,16.400000000000013,48.88
VW_1207,41.388691431206055,2.119522020449389,16.30300000000002,46.32
VW_1208,41.336449,2.148994,16.395000000000014,47.1
VW_1209,41.369159,2.118086,16.30300000000002,45.9
VW_1210,41.42028,2.15749,16.285000000000018,46.89
VW_1211,41.35757,2.167744,16.409000000000017,45.55
VW_1212,41.381776,2.156392,16.232000000000017,45.35
VW_1213,41.422243,2.189131,16.411000000000023,46.57
VW_1214,41.393178,2.101313,16.413000000000018,45.6
VW_1215,41.401682,2.178584,16.387000000000025,43.23
VW_1216,41.356636,2.167817,16.409000000000017,45.55
VW_1217,41.425701,2.205317,16.44400000000002,47.66
VW_1218,41.427196,2.181147,16.381000000000018,46.36
VW_1219,41.420935,2.207881,16.44900000000002,48.01
VW_1220,41.371682,2.12314,16.305000000000017,45.73
VW_1221,41.321682,2.101533,16.368000000000016,46.98
VW_1222,41.393271,2.158003,16.28700000000002,45.47
VW_1223,41.377944,2.109077,16.266000000000016,45.94
VW_1224,41.32215,2.202827,16.39600000000002,46.35
VW_1225,41.406822,2.179683,16.366000000000028,43.24
VW_1226,41.42271,2.206196,16.435000000000016,48.01
VW_1227,41.417664,2.099409,16.348000000000017,48.31
VW_1228,41.447009,2.162983,16.44800000000001,49.06
VW_1229,41.40271,2.20019,16.294000000000025,44.03
VW_1230,41.38,2.144087,16.12800000000002,46.29
VW_1231,41.372523,2.125117,16.28300000000002,45.73
VW_1232,41.386355,2.10146,16.32300000000002,45.75
VW_1233,41.422056,2.159028,16.29500000000002,46.8
VW_1234,41.398598,2.16313,16.32700000000002,44.93
VW_1235,41.351215,2.126729,16.368000000000016,46.98
VW_1236,41.372617,2.114058,16.266000000000016,45.94
VW_1237,41.325047,2.133027,16.28600000000002,47.24
VW_1238,41.438505,2.177852,16.34100000000002,46.34
VW_1239,41.37729,2.156904,16.22800000000002,45.8
VW_1240,41.376262,2.103071,16.281000000000017,45.9
VW_1241,41.39271,2.13603,16.16000000000002,46.14
VW_1242,41.41490739048417,2.123103895115521,16.400000000000013,47.62
VW_1243,41.41757,2.189131,16.311000000000025,44.99
VW_1244,41.34271,2.132734,16.368000000000016,46.98
VW_1245,41.381215,2.177998,16.492000000000026,42.92
VW_1246,41.373738,2.190303,16.47700000000002,44.22
VW_1247,41.41173817144733,2.150190267165726,16.304000000000016,46.16
VW_1248,41.384579,2.100508,16.34700000000002,45.75
VW_1249,41.42028,2.201582,16.439000000000018,47.01
VW_1250,41.399533,2.154268,16.255000000000017,46.12
VW_1251,41.363386985046034,2.14414060108396,16.25700000000002,44.57
VW_1252,41.321963,2.167817,16.425000000000015,47.06
VW_1253,41.358692,2.188545,16.423000000000023,44.8
VW_1254,41.438692,2.203926,16.44900000000002,48.01
VW_1255,41.419065,2.137642,16.352000000000015,48.97
VW_1256,41.385421,2.175581,16.39000000000003,43.15
VW_1257,41.401495,2.173896,16.37800000000003,43.37
VW_1258,41.418131,2.188179,16.308000000000025,45.09
VW_1259,41.364953,2.19521,16.372000000000025,45.01
VW_1260,41.385234,2.173384,16.378000000000025,43.17
VW_1261,41.415607,2.118745,16.345000000000017,47.8
VW_1262,41.415234,2.208906,16.457000000000022,47.96
VW_1263,41.359439,2.151191,16.37000000000001,46.99
VW_1264,41.4208986277506,2.20789093316136,16.44900000000002,48.01
VW_1265,41.4,2.178071,16.420000000000027,43.16
VW_1266,41.420748,2.17917,16.308000000000025,45.09
VW_1267,41.414486,2.170454,16.329000000000022,45.5
VW_1268,41.408879,2.19792,16.251000000000023,44.9
VW_1269,41.394953,2.177119,16.44500000000003,42.97
VW_1270,41.321776,2.083076,16.368000000000016,46.98
VW_1271,41.391776,2.11252,16.34100000000002,46.26
VW_1272,41.389159,2.169209,16.320000000000025,44.24
VW_1273,41.378131,2.185981,16.513000000000023,43.97
VW_1274,41.426916,2.217476,16.44400000000002,47.66
VW_1275,41.417196,2.134199,16.345000000000013,48.97
VW_1276,41.432056,2.17646,16.36600000000002,46.5
VW_1277,41.39443920598686,2.1759308027688484,16.423000000000027,43.12
VW_1278,41.355701,2.13918,16.232000000000017,46.91
VW_1279,41.405421,2.139033,16.224000000000018,46.93
VW_1280,41.40612565400666,2.197888243970902,16.244000000000025,44.61
VW_1281,41.385437522281904,2.194325602465741,16.385000000000026,44.89
VW_1282,41.398598,2.110103,16.36000000000002,45.97
VW_1283,41.397477,2.144819,16.21600000000002,46.02
VW_1284,41.399626,2.094502,16.410000000000014,47.0
VW_1285,41.41047111654579,2.139290623287488,16.247000000000018,47.58
VW_1286,41.383925,2.108638,16.266000000000016,45.94
VW_1287,41.376262,2.100288,16.30300000000002,45.9
VW_1288,41.357196,2.150605,16.39300000000002,45.83
VW_1289,41.401146356963736,2.136665558281396,16.278000000000016,46.93
VW_1290,41.393458,2.177925,16.359000000000027,43.53
VW_1291,41.409813,2.164814,16.30300000000002,46.09
VW_1292,41.394019,2.118599,16.348000000000017,45.73
VW_1293,41.39271,2.180122,16.37200000000003,43.22
VW_1294,41.358411,2.150605,16.39800000000001,46.56
VW_1295,41.37729,2.147383,16.253000000000018,45.19
VW_1296,41.430841,2.156904,16.400000000000013,49.09
VW_1297,41.373645,2.111201,16.266000000000016,45.94
VW_1298,41.403738,2.195283,16.321000000000026,44.07
VW_1299,41.377196,2.113325,16.266000000000016,45.94
VW_1300,41.400467,2.133101,16.278000000000016,46.93
VW_1301,41.388692,2.141157,16.16700000000002,45.62
VW_1302,41.388505,2.168477,16.304000000000023,44.57
VW_1303,41.441869,2.227144,16.44400000000002,47.66
VW_1304,41.429346,2.161079,16.44100000000001,49.22
VW_1305,41.42483291813521,2.2193254998482685,16.44400000000002,47.66
VW_1306,41.375794,2.154634,16.21600000000002,45.75
VW_1307,41.410654,2.163057,16.31500000000002,46.09
VW_1308,41.410561,2.141377,16.315000000000015,47.22
VW_1309,41.404486,2.185322,16.417000000000026,43.33
VW_1310,41.355888,2.119404,16.368000000000016,46.98
VW_1311,41.432243,2.202974,16.46300000000002,47.8
VW_1312,41.38,2.101753,16.266000000000016,45.94
VW_1313,41.350841,2.170234,16.415000000000017,45.38
VW_1314,41.409159,2.179609,16.311000000000025,44.3
VW_1315,41.377944,2.095527,16.371000000000016,45.75
VW_1316,41.40486,2.155659,16.31800000000002,45.38
VW_1317,41.403645,2.199238,16.297000000000025,44.21
VW_1318,41.427944,2.202461,16.435000000000016,48.01
VW_1319,41.325047,2.082124,16.368000000000016,46.98
VW_1320,41.446542,2.164229,16.45600000000001,49.01
VW_1321,41.37170086945619,2.123092871997027,16.305000000000017,45.73
VW_1322,41.40266385514877,2.144354387618358,16.18500000000002,45.64
VW_1323,41.38,2.130537,16.187000000000022,46.42
VW_1324,41.435047,2.203633,16.47200000000002,47.66
VW_1325,41.391495,2.155659,16.27200000000002,45.55
VW_1326,41.389346,2.156978,16.286000000000023,45.18
VW_1327,41.437664,2.201362,16.47200000000002,47.66
VW_1328,41.419065,2.15749,16.352000000000018,46.81
VW_1329,41.321963,2.130098,16.28600000000002,47.24
VW_1330,41.388505,2.187739,16.527000000000026,42.86
VW_1331,41.355047,2.124531,16.368000000000016,46.98
VW_1332,41.44785,2.164229,16.45600000000001,49.01
VW_1333,41.418224,2.182612,16.310000000000024,45.44
VW_1334,41.434393,2.186055,16.40300000000002,46.31
VW_1335,41.404953,2.15229,16.31900000000002,45.7
VW_1336,41.388318,2.126582,16.332000000000015,45.79
VW_1337,41.353364,2.162397,16.39300000000002,45.83
VW_1338,41.415794,2.151045,16.354000000000017,46.53
VW_1339,41.405794,2.202095,16.30900000000003,44.44
VW_1340,41.397757,2.161226,16.32500000000002,45.52
VW_1341,41.364953,2.156245,16.394000000000016,45.36
VW_1342,41.37576787354405,2.1514169806675847,16.17000000000002,46.27
VW_1343,41.396449,2.099995,16.410000000000014,47.0
VW_1344,41.398411,2.151851,16.27000000000002,46.0
VW_1345,41.387103,2.154854,16.27200000000002,45.55
VW_1346,41.368318,2.135444,16.29200000000002,45.77
VW_1347,41.40215,2.093403,16.410000000000014,47.0
VW_1348,41.33514,2.14665,16.395000000000014,47.1
VW_1349,41.400093,2.15229,16.30400000000002,45.5
VW_1350,41.412991,2.185908,16.333000000000023,44.58
VW_1351,41.380841,2.136323,16.14800000000002,45.15
VW_1352,41.37215,2.180195,16.483000000000025,44.0
VW_1353,41.389533,2.192061,16.522000000000027,44.23
VW_1354,41.399813,2.149946,16.282000000000018,45.5
VW_1355,41.415607,2.148701,16.374000000000017,46.5
VW_1356,41.321776,2.126216,16.28600000000002,47.32
